Index,Length,Input_Data,CRC_Value
1,0,"[]",0x00
2,1,"0",0x00
3,1,"1",0x07
4,1,"255",0xF3
5,256,"[0 1 2 3 4 5 6 7 8 9 10 11 12 13 14 15 16 17 18 19 20 21 22 23 24 25 26 27 28 29 30 31 32 33 34 35 36 37 38 39 40 41 42 43 44 45 46 47 48 49 50 51 52 53 54 55 56 57 58 59 60 61 62 63 64 65 66 67 68 69 70 71 72 73 74 75 76 77 78 79 80 81 82 83 84 85 86 87 88 89 90 91 92 93 94 95 96 97 98 99 100 101 102 103 104 105 106 107 108 109 110 111 112 113 114 115 116 117 118 119 120 121 122 123 124 125 126 127 128 129 130 131 132 133 134 135 136 137 138 139 140 141 142 143 144 145 146 147 148 149 150 151 152 153 154 155 156 157 158 159 160 161 162 163 164 165 166 167 168 169 170 171 172 173 174 175 176 177 178 179 180 181 182 183 184 185 186 187 188 189 190 191 192 193 194 195 196 197 198 199 200 201 202 203 204 205 206 207 208 209 210 211 212 213 214 215 216 217 218 219 220 221 222 223 224 225 226 227 228 229 230 231 232 233 234 235 236 237 238 239 240 241 242 243 244 245 246 247 248 249 250 251 252 253 254 255]",0x14
6,5,"[1 2 3 4 5]",0xBC
7,100,"[1 2 3 4 5 6 7 8 9 10 11 12 13 14 15 16 17 18 19 20 21 22 23 24 25 26 27 28 29 30 31 32 33 34 35 36 37 38 39 40 41 42 43 44 45 46 47 48 49 50 51 52 53 54 55 56 57 58 59 60 61 62 63 64 65 66 67 68 69 70 71 72 73 74 75 76 77 78 79 80 81 82 83 84 85 86 87 88 89 90 91 92 93 94 95 96 97 98 99 100]",0x16
8,1000,"[39 246 224 125 104 32 236 1 47 82 12 37 186 123 86 60 115 47 83 67 212 178 85 148 73 67 66 173 133 19 14 66 112 72 173 243 198 162 192 191 150 197 100 154 63 74 4 88 36 105 39 212 189 25 210 58 27 169 244 208 159 84 71 111 89 224 1 178 86 78 165 235 228 255 18 33 251 23 175 237 36 226 5 87 61 252 216 203 230 199 214 82 190 170 74 86 232 8 178 53 210 55 25 158 26 204 231 80 72 1 126 253 188 79 153 200 28 148 222 176 62 87 139 17 105 60 125 206 96 132 24 232 53 97 169 194 44 132 254 181 20 11 125 114 124 42 92 225 190 106 232 24 46 242 25 99 74 18 49 106 74 179 61 245 78 39 142 202 113 254 111 77 63 245 57 101 57 69 107 255 233 140 152 20 147 229 118 101 26 166 253 173 109 167 150 190 164 128 240 154 163 179 220 97 182 134 93 111 176 58 250 249 74 86 255 201 203 161 207 114 212 32 131 183 63 136 97 205 171 251 239 147 20 105 46 254 133 226 165 119 24 247 158 39 101 225 137 139 113 47 63 72 135 143 106 231 78 166 73 65 91 206 137 151 59 26 165 250 26 48 2 214 123 119 232 106 139 178 20 130 124 219 157 30 155 42 102 136 224 168 201 32 134 230 27 162 20 105 182 25 207 163 229 159 106 165 125 24 163 243 121 154 151 57 171 40 198 54 43 185 65 41 160 64 67 216 101 26 49 92 223 153 66 91 227 230 114 68 141 45 220 59 43 6 82 142 211 205 6 95 125 119 10 157 147 76 111 34 76 194 9 68 255 114 39 226 8 29 64 194 229 57 172 209 242 223 100 239 111 41 79 174 239 242 153 242 103 10 75 8 221 110 23 35 61 57 222 195 88 98 152 136 85 218 68 239 99 174 70 7 240 136 171 155 192 251 186 219 253 194 37 83 7 177 245 186 188 44 90 147 117 213 208 82 118 172 152 34 4 32 57 114 136 253 183 250 13 163 245 69 243 230 49 187 44 26 80 89 102 72 80 183 241 22 71 152 212 200 142 9 171 217 16 92 66 110 78 247 33 55 228 159 101 91 165 187 187 245 11 108 2 180 199 144 5 1 253 51 210 92 118 28 200 116 76 91 123 110 178 172 1 20 117 199 209 161 93 227 64 16 186 196 229 196 242 137 245 250 133 216 229 238 117 194 240 207 238 114 213 252 94 43 210 150 246 125 64 173 234 157 82 125 104 21 151 225 141 76 229 203 198 153 142 76 140 253 123 175 122 191 54 63 25 181 219 201 190 26 133 216 215 96 69 32 176 142 2 106 112 200 212 150 36 151 185 109 53 67 254 123 211 154 209 244 166 160 165 15 240 230 177 79 87 19 133 155 186 0 43 118 92 243 238 245 52 40 146 151 178 78 100 86 33 22 140 81 254 185 146 183 249 109 233 229 213 12 91 75 161 34 95 221 64 7 255 154 62 112 188 142 112 154 46 207 209 124 193 103 185 39 130 171 39 16 86 114 193 33 230 56 96 108 249 45 225 141 82 230 138 118 206 92 248 142 197 174 52 213 221 10 157 69 191 124 202 134 152 56 93 76 218 249 159 228 251 165 204 103 123 16 205 89 217 253 123 91 13 234 180 112 247 185 168 131 224 15 120 79 49 38 230 18 245 179 3 1 218 119 214 56 206 63 255 240 141 233 162 199 145 49 231 131 255 96 52 186 80 30 227 177 240 106 208 206 92 233 73 42 116 62 0 157 169 169 174 217 9 174 146 176 229 68 17 80 202 127 111 43 67 175 209 180 147 254 118 126 70 167 104 76 154 202 248 197 153 114 39 54 179 244 162 228 55 174 80 6 209 110 22 239 100 150 61 167 93 123 102 85 68 196 61 246 236 70 57 64 63 61 109 211 157 49 206 252 38 218 61 106 82 111 83 25 171 12 51 127 70 107 152 12 226 219 21 45 3 151 181 194 54 247 124 15 45 86 225 10 90 164 211 11 202 13 75 69 233 154 128 188 28 226 135 1 41 67 9 174 7 127 123 71 151 73 235 1 144 94 95 5 175 141 195 202 63 51 93 184 32 110 4 18 181 205 233 233 161 33 15 199 189 160 186 51 203 249 107 62 122 171 218 242 32 178 20 26 33 131 123 114 204 135 171 123 85 66 249 67 202 127 82 157 1 16 235 231 212 233 173 198 177 50 115 201 0 142 110 14 113 214 158 189 239 83 190 223 110 133 167 120 46 57]",0x41
9,50,"[7 7 7 7 7 7 7 7 7 7 7 7 7 7 7 7 7 7 7 7 7 7 7 7 7 7 7 7 7 7 7 7 7 7 7 7 7 7 7 7 7 7 7 7 7 7 7 7 7 7]",0xB2
10,777,"[105 3 192 15 110 138 156 111 20 72 18 186 88 166 123 97 83 26 94 96 123 203 176 217 131 218 119 67 161 144 138 100 107 35 74 1 238 155 228 107 102 141 152 129 150 34 194 166 89 80 70 38 85 213 59 17 126 31 103 23 184 87 144 167 167 179 77 21 162 68 228 76 183 84 93 151 231 67 243 189 1 217 178 143 86 85 19 117 168 146 102 239 92 242 7 112 179 179 130 156 191 205 86 144 218 150 130 218 175 27 128 4 113 232 11 241 46 94 52 24 110 71 25 127 61 89 142 140 107 98 97 71 46 32 4 192 129 184 194 68 49 16 108 179 250 141 11 149 71 138 113 30 97 195 235 177 248 32 165 99 143 50 100 87 91 95 29 128 209 87 127 30 147 131 90 221 88 116 60 197 69 134 135 223 240 12 250 161 18 54 92 109 194 234 161 244 193 134 217 208 33 194 158 101 215 9 24 242 101 136 231 87 169 186 57 142 116 156 139 132 73 225 239 206 248 134 28 166 48 219 241 26 75 204 113 126 7 146 146 189 19 201 49 135 236 252 249 78 192 52 220 168 26 148 246 216 192 179 63 10 118 30 41 107 170 249 71 136 238 42 202 26 226 133 249 193 184 0 52 66 20 188 210 87 34 170 212 172 35 96 173 132 250 68 221 95 34 21 189 95 97 77 75 66 118 252 98 241 42 236 193 219 154 27 116 167 14 5 74 238 131 224 96 226 136 228 26 54 179 92 0 98 81 100 46 53 151 152 44 238 14 51 130 194 37 238 108 14 172 71 199 246 176 127 25 73 137 2 72 150 44 43 173 145 141 247 160 83 133 221 254 214 88 191 240 171 123 73 152 86 245 113 246 173 180 245 240 213 39 212 118 76 133 212 138 66 90 47 89 48 213 98 2 79 214 72 200 136 39 134 72 183 188 115 46 34 69 162 206 170 73 36 62 177 18 127 252 231 147 196 191 178 173 72 148 158 208 4 54 252 209 161 174 206 71 170 7 139 135 223 48 238 249 84 159 134 117 91 85 21 99 61 124 179 35 211 238 212 124 168 116 107 8 237 11 121 98 136 255 231 3 199 124 99 210 223 255 50 222 78 105 208 94 109 23 170 187 77 86 187 252 178 23 120 162 134 36 70 252 203 238 89 53 174 90 112 232 213 100 187 74 74 75 6 234 175 59 127 202 97 55 185 197 177 158 195 130 84 0 148 43 49 38 129 4 120 11 113 41 146 209 21 59 62 90 104 29 104 173 139 91 169 173 33 112 239 145 147 195 63 177 75 146 162 102 63 239 114 136 162 171 112 44 177 236 94 163 227 123 161 119 27 28 27 114 240 162 237 16 78 243 2 42 193 213 155 132 241 189 179 190 223 246 251 235 72 15 210 45 8 197 138 84 148 218 164 107 139 46 60 52 66 241 164 212 99 43 189 223 91 45 255 245 39 237 108 57 34 66 139 21 153 7 116 85 241 77 109 169 97 34 24 78 210 160 52 250 112 213 138 6 1 201 114 73 220 167 72 165 67 44 94 137 237 191 37 0 32 234 172 29 245 30 126 92 120 15 84 67 62 242 8 231 94 169 244 24 175 105 28 125 118 224 169 71 168 165 229 225 85 109 205 236 221 127 149 236 42 95 66 212 17 71 142 158 104 66 106 97 24 33 156 167 215 127 78 43 12 57 93 145 145 199 151 28 164 18 93 73 189 17 193 61 59 3 33 53 54 231 71 24 200 170 156 88 176 59]",0x95
11,256,"[255 254 253 252 251 250 249 248 247 246 245 244 243 242 241 240 239 238 237 236 235 234 233 232 231 230 229 228 227 226 225 224 223 222 221 220 219 218 217 216 215 214 213 212 211 210 209 208 207 206 205 204 203 202 201 200 199 198 197 196 195 194 193 192 191 190 189 188 187 186 185 184 183 182 181 180 179 178 177 176 175 174 173 172 171 170 169 168 167 166 165 164 163 162 161 160 159 158 157 156 155 154 153 152 151 150 149 148 147 146 145 144 143 142 141 140 139 138 137 136 135 134 133 132 131 130 129 128 127 126 125 124 123 122 121 120 119 118 117 116 115 114 113 112 111 110 109 108 107 106 105 104 103 102 101 100 99 98 97 96 95 94 93 92 91 90 89 88 87 86 85 84 83 82 81 80 79 78 77 76 75 74 73 72 71 70 69 68 67 66 65 64 63 62 61 60 59 58 57 56 55 54 53 52 51 50 49 48 47 46 45 44 43 42 41 40 39 38 37 36 35 34 33 32 31 30 29 28 27 26 25 24 23 22 21 20 19 18 17 16 15 14 13 12 11 10 9 8 7 6 5 4 3 2 1 0]",0x30
12,8,"[1 2 4 8 16 32 64 128]",0xE1
13,4,"[0 0 0 0]",0x00
14,4,"[255 255 255 255]",0xDE
15,4,"[128 64 32 16]",0x69
16,8,"[1 2 4 8 16 32 64 128]",0xE1
17,10,"[85 85 85 85 85 85 85 85 85 85]",0x53
18,10,"[170 170 170 170 170 170 170 170 170 170]",0xA6
19,10,"[15 15 15 15 15 15 15 15 15 15]",0x3C
20,10,"[240 240 240 240 240 240 240 240 240 240]",0xC9
